user_id,pre_attempt_id,pre_score,post_attempt_id,post_score,gain_pp
0154b794-0ced-4ba0-bb83-f26ba2fa39fa,0aa678d0-2bf4-42ed-992f-daf67332cb9f,60.00,bf784967-d138-4173-b439-ae3542bfd397,60.00,0.00
0194ccbb-e1b1-4c13-bcde-5ca2122e440d,1a3d0a9c-882d-4c71-ac85-37c01f57a1b3,37.50,6f24b0bf-1005-42d7-b146-b7358ccab43a,55.00,17.50
01e23500-f844-4771-94d6-e5ce1d9c9730,dfde85b6-4d76-4432-b0bf-d300d9f278cb,15.00,6463e061-a3aa-4299-8a1c-21ae37d96c40,47.50,32.50
0209cf8e-0f9d-4ee1-bd63-2f93f8900f6f,0f0f0b44-2802-462a-b7a3-bb3e127685cd,52.50,8967b248-c1e7-445d-b4af-ff859af23158,60.00,7.50
023df988-f3ab-4259-8146-7d50c655bd5c,fe6b9874-1bd0-499f-ad55-4a43cb79c720,55.00,44a50674-b539-4e79-8d2a-b86640f15f69,57.50,2.50
02983dd8-4be1-472f-bfe2-d76c6fa6b0a9,89cc629f-5948-4a17-a479-38f7ffac5bcb,50.00,336b12cf-d022-427c-ab0c-3aad1edcdcd0,62.50,12.50
0335337a-0116-45ea-ba76-65076a62d40a,e9b11d27-e5fa-482f-9063-0e94cf02d70e,40.00,cb1fc337-ccce-4555-8ae7-c4f3d0ad6a3e,65.00,25.00
04c5c80d-c326-4790-9bf9-158af52afabf,29e8e8e5-7116-4430-b813-0e42153e123e,40.00,bd2fc210-b90b-48c9-8d8e-9da18aeaaf76,47.50,7.50
04c824fe-256a-4b2f-8fbd-611efb6977a4,92ca13ae-60f1-47b6-9812-d01e45e06b1d,57.50,6af00fb5-9c5a-41f5-8b40-5df89405c433,65.00,7.50
04db1eb9-e15a-4c80-b681-4e6be5a9f700,e8c71b32-2d82-4a09-b999-a7137a795786,40.00,35637cf3-e6c8-404d-a0ae-a1d12496a6e7,47.50,7.50
07a68879-4de9-49d4-ab96-6b3edf71584c,929420ee-9c1d-4ad7-af20-d68a50a973b4,35.00,c4c73d28-f663-40b0-8768-810804fbf2f3,20.00,-15.00
080da24d-ca87-4abd-97a8-654bc4ed5522,29e95558-8ec8-4875-a2d6-8dcddb313f31,40.00,4dbe77c9-acbc-4a0a-83d3-959363193183,50.00,10.00
081170cf-888d-4248-b97f-ccbfcaf07935,a31ade29-0fb4-4a9b-bc20-75376361e328,45.00,3e267f60-962b-43b8-b051-53307c15c5f0,62.50,17.50
0922fc79-765b-4ee5-b961-b4e32e39c5de,201dbc76-8c54-4542-96e3-67fc49873376,45.00,7803f101-e1db-4d43-ba5a-4ad42135197e,37.50,-7.50
0a56cf12-1228-46e6-ae39-85cfe4d85b2a,7ab4bc47-5335-4cbc-a20c-95e901e3e1ba,62.50,951c2994-1e43-4169-b5cb-70c9b9fcc679,62.50,0.00
0aae16af-40a2-4a08-8469-2b8d8140f66d,be26c9c9-7eff-4f7a-88a9-db03453a6db9,47.50,6a86a982-2eca-424d-8962-4d7f4fdeb375,65.00,17.50
0b3d2cbd-2aa0-479e-9719-20771a357f08,0e772312-37bf-4e02-ae51-b50abee7a7a0,47.50,17bd0613-b437-4e23-b047-c3faae9719ec,65.00,17.50
0dc0bc30-6ba9-482b-b74d-18b65c8a1af5,8e54a7f0-e0ed-448b-9be4-c23afe392378,32.50,e28c93b6-5279-43e4-90ae-91f3509c7ef9,55.00,22.50
0dfbf126-a53d-45a3-a99d-d4320b021927,b6118e74-f4dd-4206-9dbf-56c3fc0e7882,47.50,fdef6acf-86c7-4cfd-bf93-2658c7f31ea2,55.00,7.50
0e01535f-fddc-409e-810b-fd3ded7d2ac2,3b0e70ab-192e-4503-b5f6-15f34e5731bd,50.00,82b68071-2414-466a-a7f8-7028683c8e91,5.00,-45.00
0e5d16bd-930d-45a7-affd-94321b87a32d,bf8892b1-c801-4b1f-ac88-27b03c01bb83,52.50,f7b2f237-4b20-4376-8bb7-489095a455c7,62.50,10.00
0e8e67ba-970e-4406-a667-64e67b518da0,030ad865-6ab9-478a-baec-b6fe2da8d2ae,12.50,5583d315-a115-4477-907f-a631fd9dc63c,5.00,-7.50
0f39cf0a-cb3f-4210-b665-11a16b2f1398,c3539fe2-e0c1-4c5d-8cf3-7f90576b05eb,47.50,1ecf0993-9d4c-469f-9df8-3935645cab95,57.50,10.00
11cb4187-2f10-4e39-8662-0d49f2a3bced,06915e57-438e-4e87-aaa3-f410aa0a7139,60.00,8563c707-92e0-4f7d-b4b3-a8135b235edc,62.50,2.50
136cf5ce-8759-479b-80fd-8df0740965b6,1b7a866e-4643-434d-b276-266466966497,37.50,517b64ef-ee20-4740-b354-761144422cc4,45.00,7.50
13d08425-1a83-40e1-9fd2-67210f7c521f,139b1fb2-046b-40ab-9180-907447fed82b,35.00,ae5b2090-4620-428f-9689-220da4842036,52.50,17.50
149c428c-dfb8-446f-9933-a42990b32858,8b7f6880-cddd-496f-972c-b1f8a84702d0,47.50,dbca40d6-f7b2-4c1e-8b97-b676c60767a1,62.50,15.00
16e258fb-5dd7-4314-9cec-38df12efc1f5,757c53cb-67d6-4562-bf31-88836867567c,37.50,3bde3269-b9bc-43c3-b287-8e562c295a79,62.50,25.00
17b5c40f-ae6e-4f13-a731-472b0623779f,a83f71ed-84e8-4fd8-ab81-1b2b11bed6ea,20.00,baa74bd3-5481-4782-9f35-53eead5a5acb,62.50,42.50
193c3671-fad6-4f47-be6b-11b210d97ed2,459e76e9-cf1f-414b-97c6-ae3edbaffa56,37.50,f10a6a44-b5eb-45a7-8515-012425f2514c,65.00,27.50
1b13ca04-9348-433a-8d45-6e69e766e1b9,7ae9f021-410c-4fca-8bf5-b5012d4f8845,30.00,8dbe2577-2c82-4a69-a07d-ec129d62bee5,45.00,15.00
1d2a2f35-dbc4-497d-9b0a-4b386dbff104,74ec2928-b0b3-4c0f-a748-69e40329f906,50.00,12a06c7d-271f-4887-b468-ecfbb21da352,65.00,15.00
1d79a73a-efa0-445a-b144-eec0c7ee2dd7,80bed8ff-ce45-4ad1-a684-6e6529c0a184,55.00,84969669-ad01-4f5d-80b3-cfb48650a938,57.50,2.50
1dadf029-d80a-4fe8-bcfa-63efd1fcb618,166bd2c9-605d-4a5e-aedb-0ef24c9a63fe,50.00,cc15479e-aa6e-4ee8-8558-215131c96e02,57.50,7.50
1ee101a3-367e-49a3-9e67-11ff0fccf6b8,d5ca5f50-5433-4867-8bf3-152e418b7ec9,62.50,dea48d74-2245-471a-81a7-b64c34793001,62.50,0.00
1f835f8f-ec63-433d-aa6a-5bdbc04eeeae,9f00d8d0-7d12-455f-bbe4-17b423a32c84,50.00,dc2257cf-649d-4a03-aad4-9fe3b34bed84,52.50,2.50
1fb6c20a-b45a-409c-a7ee-bddc3a87eb64,93bb97ef-70ca-4f0d-b998-f79591a964f1,32.50,ec0afc8e-49e7-4267-b78b-88699ad3ba0b,65.00,32.50
1fffbf03-1a2e-4b21-95a0-f384a0cd0c55,8fa2c78a-bbd7-4efd-9b9a-7560e3b2f96d,32.50,4851b0eb-7086-4c1a-b372-babacbe7565d,65.00,32.50
200be3bd-bcad-4abd-a60e-6448f74d8ab3,5ab0eb85-e7fd-47f9-af5f-b5394c0823c9,47.50,7b055da2-b5b6-418c-bff1-a8b4e09b38fb,50.00,2.50
223c2925-62f2-43b9-998e-f44c86831c68,b562a1db-770f-4e97-a38b-87753b685985,47.50,8e861b75-55c6-456b-92b2-00d683866bac,60.00,12.50
2435250b-091e-4588-a2bb-7a6430ea6aa7,8a3aaa40-641a-4cb3-80e6-c95e21051b8e,50.00,5732a447-3d1e-40b8-8b98-60b4874d7592,57.50,7.50
25de4f6d-b4f6-4eda-a041-c728bf05d2ac,4e2b0559-4759-44ad-86bf-df18e0e85109,40.00,ce69f2cd-6975-4879-aea4-93f31ee063df,65.00,25.00
25ed0053-d2b4-46c0-89b8-438ca2858b95,8dd9e169-e45e-4d65-9693-343c24380868,50.00,bb34f378-471d-4151-8c24-5c1886dce889,60.00,10.00
26c38bf3-07ac-4f4d-9c77-395de555cdde,a7872987-1365-423b-99b2-84ffe939d6a8,37.50,25b7921c-6091-4c86-aa79-517b8461dd81,50.00,12.50
26d21e36-bea7-48c1-b348-eb3a35bb56ac,a81b2970-d3f5-436c-924a-8a7dde26435c,50.00,905b0b56-687e-48ba-94fd-ab3553e9fc6a,65.00,15.00
27653114-c05f-4e18-bdc6-ffedd0cb1112,90081149-f1aa-4448-b770-b289892204eb,35.00,d0638847-134b-4666-af84-e5a220fab2f8,45.00,10.00
27902b06-d34d-4f81-a316-a4ba4ceb13cd,7ed01f64-2ca3-4d5a-82a0-c18784783fb5,35.00,c5b06083-9246-475e-8a4e-976eecbbe654,50.00,15.00
283582df-980f-4f96-b37d-f3c25436d613,7e4b07d1-bbfe-4eb9-a3b5-51a767810144,40.00,7f09122a-aa6c-4fb3-8b2e-00df3a19ba9b,65.00,25.00
28dfac98-1a45-451a-9108-792ec0dedbb7,ec1e962d-de25-4ecd-b353-c2b07e7c44d7,62.50,4891938d-664a-4702-86cd-a73ff511af31,60.00,-2.50
28f84910-7f85-4044-adf7-98d07966a788,9782e3d4-3883-460d-8703-0ddbfd9f1215,45.00,7ac9f92f-1c7f-49b5-a84d-751e2a83b758,42.50,-2.50
291c292d-9b14-4d33-b2d5-2dc2473bb8a8,7b7576e4-ccc6-4f4e-9035-9274a739b135,65.00,aeff495b-68a3-4af8-8149-65441062d9a8,62.50,-2.50
2946ca66-b38e-4b6d-a10b-13579832dd14,144d223e-97f0-4abe-9b89-40d399ed079b,62.50,e7550ee8-fbc7-4bff-af45-935d309565ad,55.00,-7.50
2a093996-e13c-49bd-ad4f-2485ce689172,e02c2794-c7c3-478d-8606-ee87e43f21e6,40.00,942ccca6-d2ad-4a16-8965-faf1e8c340f0,55.00,15.00
2a5f2fe3-b911-4a3a-85e2-e286f0a28958,5069c5d0-7e37-4555-9d36-894bb245ba56,42.50,01626c30-06bb-43c7-8750-b8e23047f354,50.00,7.50
2a7a36c4-a2ad-4c08-9072-0d715a0f6a3a,06ef65a2-723a-445e-ae3b-e6b49dca14b8,57.50,5d1c2257-bdd9-4fe5-8856-bf61d3377ff5,47.50,-10.00
2c851e7c-cead-4588-8766-efb9d7d2f47f,bdad30f2-2076-4c54-b48e-9c4a857c7e43,62.50,2f6db324-3f5e-4725-808b-43f967ba26d9,65.00,2.50
2d453998-3c0c-4625-a32e-262ba06df72d,d3beb9ed-da30-4f68-9cf4-53a2ac34b9b8,50.00,d1769b4d-4a49-4fc6-8296-7b3c7b30428f,52.50,2.50
2d56888a-fb4f-4f3f-ac94-efbf0d8ef553,a6039e28-f1b0-4c3f-8898-f23afea04301,60.00,0c706e86-a95f-4207-90a5-b85abd710aab,65.00,5.00
2e113363-d3c8-472f-a407-73be07b754f8,b4e64d66-87af-4c4b-9b90-6d2dbba8377c,42.50,97ad40e2-de55-4275-947b-fc827b7ae906,42.50,0.00
2e90c419-b94b-4b0d-ba3f-288382840b2d,21a03988-d4dc-4ef2-b429-5e19cdfd66a5,42.50,ec1ada53-d17d-4db2-81cf-c67eeb818094,57.50,15.00
2f4eaf1b-2f5c-4a2c-a997-662b1f70bd29,5f491013-b40c-4c75-beae-aee4583cf15d,42.50,e1db471f-8674-4bdb-b2be-824aaae19fe9,62.50,20.00
2f805fc0-49ae-4d8d-87ad-621575bce411,874d19fe-4d68-4f11-9b9f-4f87f7a76b1a,32.50,d7da491d-57f4-4420-b27f-73b3a39ed4bd,57.50,25.00
32853b5d-e0c2-4de9-9e21-365c4e8a9fa3,73036eb3-c02b-41f1-807c-913674020e87,45.00,29986559-f3a2-4404-a1ed-41ff75932d68,37.50,-7.50
334215c7-e772-4902-97f5-a5155524a1b1,48b1075a-2e50-4a49-abac-805c65df4c42,35.00,dc474719-b7e3-4362-b255-fcebd4c6629e,65.00,30.00
3415449e-8c26-4205-8cf5-8af73a85de19,7f44a541-9958-4091-b102-f675f6d28d77,37.50,3a036d0d-acc3-4636-9634-1f7ed4526353,65.00,27.50
34a050fc-d6f5-4d52-818a-1fb5d3197c60,341d4ea1-8432-4152-bb78-3599e2621c5d,37.50,45d22cfe-3260-4ffa-b8bd-c8d6b2cd9a5e,45.00,7.50
34e64a2f-bfac-4f18-978f-c2bca109fa65,924dadb6-f590-45b4-be86-a2d2071421bc,47.50,2845ac93-9a39-4e50-9b56-99c854454c77,47.50,0.00
35e98921-5899-411e-aae7-bb8b18b442d0,af9b116c-1aba-437f-908f-c96e4fc9f816,37.50,7ab888b9-de27-491f-bf73-b05988a68e19,50.00,12.50
3719b0c7-eaab-4670-91f9-9e249b00d22c,db1d2a9f-83c6-4aa0-9773-a85ef9f3a7e8,57.50,97948e40-6ea6-4d28-bb7c-95dd05e61641,62.50,5.00
37b79b9d-7ee4-4eb5-a1ba-37839edfef17,eaa23dcc-402d-4bd2-8344-a78ef145b40f,32.50,44fa23b8-9fe3-4230-bd5f-5ca0a57a67a7,42.50,10.00
3993b63b-9fde-4569-865f-f5bc87455910,6f9cad6b-c24e-4b29-874e-21425ef59b54,47.50,a7b8b08f-b3d0-484d-bcd6-408a6a8bd47d,60.00,12.50
39f85a15-e8f1-46c2-b3e8-c6dc70b8ce47,4aa78a28-a2e9-44f9-814f-60db75d0a26e,45.00,e661974d-13f7-4aee-a18b-1059a66999e3,62.50,17.50
3a00fbdb-ea33-483d-b82e-df3d81c04f0a,9deecd55-2000-4184-a90d-2d7d1f426e6a,22.50,562613b3-e529-44db-9a38-413d9a578deb,25.00,2.50
3a6ea1fb-74ab-465f-bfc1-c5d4b2c7056c,f2d8b9ff-321b-4afb-95f8-adc85600dc22,42.50,6a5584ba-dbc8-4837-b8bd-1225081c7107,27.50,-15.00
3bead034-313a-409b-9839-cd861fcf30d8,8273542e-ccf7-4ae8-8dc2-0af788cfaefe,40.00,da99181b-f988-4b9a-ba97-6e584b0bf77d,47.50,7.50
3c3b26e6-7be9-40dc-9f15-f8b1a643ae39,f2867473-8be8-4bcc-ba23-5d563545cdb6,47.50,18b12ea1-0cb3-43d1-9dbe-7b83ebb90998,65.00,17.50
3d01d355-a8f0-48e2-9f72-b35dc35c6ca0,5668f3b9-ed61-48e3-88c5-24decc0fd241,37.50,62a80b71-6feb-4cd7-a45a-a0312b3fa076,50.00,12.50
3dba0c5e-3dc2-43f6-933b-98e5a82096a6,cf66a569-ca0d-4c27-abcb-3a253da34e1d,40.00,4f3c1dde-88c3-47f9-8605-e13da72285e1,60.00,20.00
3dcd0573-65c6-4aa8-831e-a7148df8b341,603d17d9-7f2c-4b68-9119-7681c057f669,47.50,ac58c2e7-0390-4a43-9f19-13bdbec83f64,52.50,5.00
3ea44c6e-88b9-4522-8f3f-40d7b4c90b91,3896189a-b721-48fc-aa4e-cc8c0a648cbb,37.50,e52fca44-8db1-4d37-ac06-3552b235c264,50.00,12.50
3f67d528-451b-4afb-a603-3539fbb2ef01,816e188b-19c7-4a52-bd0a-bb7d4c31252a,30.00,e96d93a8-3495-4a65-b029-d80f77f886d2,62.50,32.50
4078f18f-92fd-47b2-95a5-a309cffae3b2,77bb71c3-a6fa-4859-bfe6-5c347de7b05a,27.50,fb201b67-c325-477e-bd39-ef8ceb5942ff,37.50,10.00
40c39fd0-de18-4d69-8c91-f9b1257fe7c9,b087023b-82d8-4dee-a353-7f55b374290a,50.00,a7bdda41-f16a-4805-86b4-9a2e0ad31140,57.50,7.50
422632cf-ecd9-4798-a90b-aed4f5977661,770d19b0-4bc7-4855-984f-bae1dc873fd1,50.00,1bcb6e90-33f1-46eb-9fae-08f4f01bb5c0,60.00,10.00
42982a23-16e0-48ce-9f32-8d6f494508f5,db59e007-aee1-4d8e-acb4-f9515382bb93,50.00,f52cd3a4-34a9-4165-9fb4-18b48203d673,57.50,7.50
433a74d7-d61e-419c-b9f8-ab07e4e13688,f5ab0424-eeb3-4b50-bc19-0ba6c8226193,47.50,4b51cb2c-0002-48ac-bf04-2d35780a5daa,62.50,15.00
436de47b-6218-4533-8946-ba1ca2965f6b,68fde7ad-0e3b-49f4-84c5-838a1c478a99,65.00,5822c14f-ffb2-4072-8cc3-20c728711246,65.00,0.00
43a6975d-8f14-486b-b48a-43695e6adfdc,49ce03e4-d33b-4363-8ee9-96176e3af057,52.50,60020495-e7af-457e-9884-1180f49fa05d,52.50,0.00
43c4f8cd-0e70-4007-8fe0-13ede925fad0,585250a1-dfa5-488f-ab67-39d9a71e64d8,37.50,9abbece5-16f8-4654-b850-98b1fae12c6e,45.00,7.50
44b9aad3-71ca-4c00-8c92-e017e129cb8f,64fbb57d-23dc-4cbe-94c0-542e7cf4d6c0,52.50,1759123f-f517-4a2b-94df-8830cdd98c99,40.00,-12.50
45428779-c79e-4c9d-9228-4cdeb7bbbe74,38bf21ee-656f-43d3-bfda-f6fc53ed5563,30.00,5342734d-9cb1-4b8d-9eba-ffbda7f87fd1,57.50,27.50
462578fc-6412-4bd3-8526-62967d2f73af,9683fb8f-0f9d-4026-b19f-626be068fa92,52.50,34d943b2-af40-4d04-b1a3-98d1bbfb3ce8,52.50,0.00
46e86e64-81a7-4030-81ed-d31e1d75ac2e,b5a8e972-75a5-4e95-83e8-4ddf634a83d3,35.00,0fd0280e-c17e-4a4e-b3d6-8860b764a16c,45.00,10.00
46f3dca6-ed5c-41fa-ae4c-867b7c7554f6,c343b88c-cf4d-42fa-b8d3-318927d34740,47.50,8d6b88c0-daaa-448b-9403-5429f832388e,47.50,0.00
4700d520-514f-4a51-b486-18789d305b1f,6d2a91bb-1f4e-4b84-adc3-24fda48d72b0,52.50,2d02b4c7-1835-4c33-b454-5c291e0427cd,60.00,7.50
476ff7ff-5581-4800-916e-6d8418fc1213,2be076c9-1b2f-4861-af34-17fdcfda83e1,55.00,c1595370-1d1d-43c5-beb4-2fd0b1a86013,65.00,10.00
4a5f9226-e48f-416b-b41c-a87ba5c42330,5b8b3d98-7bad-482a-86cc-dc79cefba489,32.50,1c4b069b-bb0b-4d02-9531-4ad56551058c,55.00,22.50
4adee80e-4f35-4af0-b8ec-acc5b695f3c1,da3b1453-169f-47a4-8189-eb3e4a1bdc9c,35.00,81c136b0-2079-4451-960f-9150183a7e2e,22.50,-12.50
4b17aa77-3ca9-4922-a5ea-4efd79ee66fe,67673222-2c64-4b53-9496-48a62adac615,40.00,281b1958-6fe3-45f4-af73-930c65b9a3ab,62.50,22.50
4bf48240-ca32-4204-97cb-15caffdfb4c7,e971efdc-2bc3-4897-a955-5c5312d694b0,10.00,32917bc8-7399-4d80-9aed-aeb33999f23d,65.00,55.00
4dc8fb4e-b5a0-4780-b637-98e51d9113d5,b5968a9b-95fd-4c5b-b09a-fee651101440,65.00,913a1f54-1622-4052-8e90-9c4f96ec1e11,55.00,-10.00
4ee923b2-a270-46f6-9ac0-f8c08dd35129,3718554d-0d03-484a-984e-3aa9cc48d894,35.00,9acf736c-b719-46b7-9200-284ca0963787,55.00,20.00
500780b3-4ef1-4072-9df5-d8706c7413e6,c8e7be49-d2f0-4bed-88f3-6f685e95f315,47.50,ee4292fa-0914-46fe-b318-9cf9d527efde,60.00,12.50
508bffbc-6a26-46a9-9a65-15e3a6d074ba,eaa323a5-7f8d-44f1-805a-4667d93c4046,45.00,8ff13134-ca2a-4917-af08-485e34636508,47.50,2.50
5166cba8-7907-40d9-b7d4-649d2f7fc1db,d7d00c74-703f-46d1-9c17-3bd93328bdef,22.50,7f7cea9e-ade0-41ae-9c60-44516c8b5d25,47.50,25.00
51a78d96-5ba3-4b39-a6fe-ce71f6974fba,1234cacb-bcb2-44c2-be52-cbaf8b355857,42.50,4a66bfd3-f828-453c-968f-86d2e596a2d3,62.50,20.00
51cecf0f-f347-441c-86b2-45ed49d4d33d,3bbc976d-ed34-4e45-b322-e9536a7d92bf,65.00,978fbee2-0d64-4de3-9065-33b9ae2d072c,62.50,-2.50
52d0e41d-f574-47c0-afcc-d55f29f71c96,98b80977-932e-420b-9aea-256be7ab2ccb,55.00,0848754a-5a3d-47bc-a681-7b327e8882be,62.50,7.50
53617188-3d8a-4133-8087-c76d8d5f6f98,558f7f83-2766-4939-97d0-bad69f77e368,52.50,eacc8e1c-7a72-43a1-9204-12811a36f938,50.00,-2.50
5394457a-14d5-439e-ad15-2a47c6c8c69e,02afcbc2-0941-4e75-bbe6-56e942d6da93,42.50,95e43886-0ebd-4077-ac7e-7645f35e8aba,47.50,5.00
5509958c-52ec-40bc-8be4-4ffad0bdf13b,8ee98210-e9a9-47b2-a4dc-cf21a3f47d49,42.50,36ee9841-7b15-40e9-8a0f-f9d075f9d570,57.50,15.00
55471591-dfec-456f-b7ae-0399529f8aab,e2681d5d-eddc-48a6-8b80-34d3523c26df,40.00,0aaef171-6a77-4fb3-b3d7-64c1b726b7ba,57.50,17.50
554a0458-7831-429f-b3cc-1fb98ded29fc,35b534ad-9752-47df-8e1a-70322789bbdf,65.00,a642052a-2f4b-4b87-bb32-3642c6873f22,65.00,0.00
5589034d-77fa-49d2-9366-e311320cdbf7,0e63762f-717f-43e1-9b2f-c7b65360e15c,17.50,0f5b70cb-ceb8-45f9-b3a8-30c0b6c1b2c4,37.50,20.00
55b1aab8-72eb-4591-8b81-917baa996b8b,8472f57f-6183-45ea-a2c5-4856249334db,57.50,6a57b015-7fc6-41db-b598-8770abf5db71,62.50,5.00
55b2b945-79ad-45cc-a838-7f97ec108810,236d81c6-1c4c-4629-b733-531b69227228,45.00,9441ae77-b2df-404f-9873-b473f60dadc8,62.50,17.50
56e4cfcf-1d0f-480d-aae7-0fc77ca5298f,c579d10a-c7d4-48dd-8a51-5750953ad8e7,35.00,40513e09-0f3f-4970-928b-37c924eb4861,27.50,-7.50
56f5306b-77a3-45e6-89df-d161e08ea49a,446f144b-a9a1-4e69-ab98-4cf3c7cd23ac,42.50,999580db-be98-4595-88c7-b05278476336,65.00,22.50
578a2f55-4962-44a2-a1d3-726d7c5986d5,977f7deb-3d99-4b80-874d-f79b03748ea2,17.50,012e90e5-1deb-43d0-bd70-a3c46079a58b,62.50,45.00
59908946-27f4-40a7-997b-260f0c9261be,ec1df9f3-511b-44c1-85e1-0a64482aa0c8,50.00,1b5e9c2a-6cdf-4c41-8447-1f407ef5864a,50.00,0.00
5a4d4bdb-d39d-4279-8468-1eee5443fbac,02a22b1f-2e74-4737-ae4a-98db698b32ff,50.00,4a9490a2-db87-498f-8a10-07d3b2b490b1,65.00,15.00
5a6e3fff-312b-4e03-9c0d-4adf0363b120,f72070f1-ac93-44a2-847d-966ff32151e8,50.00,6a744673-f8b9-4ddf-b558-238d7da13efc,50.00,0.00
5ab5c87d-e528-47a9-821c-e30bef4e7234,a2a40638-a069-4655-8bed-76149dc42e3b,10.00,a756b25f-1744-4bb7-9d3b-46438da36618,65.00,55.00
5acb7aec-7fd9-45d1-bacc-0343016b0deb,a7528c8b-7074-49f1-b105-d1ab2817ce11,40.00,ad839c34-853f-4139-bb20-967136a45304,47.50,7.50
5ae9c119-f7bf-47c2-9099-6a92c89f6810,d8e3ad2b-b08d-4345-9018-b2e22cadef93,42.50,ce4b2a45-4bbf-4720-8903-dd2a2b92a036,42.50,0.00
5b3765b2-f5d8-4d7c-9b5a-cc443b342553,8d898569-5d18-42ef-be58-e6c6680dcb64,40.00,5d45a98e-fe15-4c8d-8d3c-eabec2a1fce6,60.00,20.00
5ca30c44-f901-4ff4-95dd-fccfd6e8b3b8,63429226-206a-46b8-bb68-7590d46a7fa1,47.50,b2ec6eb5-5c1c-484e-a31a-afec73230ff1,57.50,10.00
5d5b38c9-39bf-4286-a814-f0122e2d7e8e,2459c215-573e-49b6-84fb-ab051b1ee440,55.00,53e89fbc-6863-4cb3-94a3-6cd4cb57bf4b,57.50,2.50
5d930702-044d-4c03-83f8-740df1934d6b,628838e3-8c48-49e5-837b-96e5844081c4,37.50,74e65bab-01e7-41aa-8b50-1918c1a3952f,62.50,25.00
5db34c3f-6d22-44e1-a5fa-5936188f9fca,314b9ca0-e1be-4c15-b7eb-fb57a0535ba6,50.00,137d2b97-8257-417c-819c-4f5ebd4bc706,50.00,0.00
5e7b38f3-91b1-49e1-a49a-4358f48ba1e0,df0a2fc5-5b35-4a8a-9a05-5800cbcba845,50.00,8dba6c81-1822-4d2e-88fe-949813f0720d,65.00,15.00
5ebbcd0c-d05b-4634-9548-a716bd8d82f3,977ea180-212a-4f47-b738-5dd0a07e5853,45.00,f95d2f4c-d209-4c6d-8525-e41c1194bbea,40.00,-5.00
6240ce10-73c5-4d18-9973-f0defeeb2be1,781623da-499a-468b-8e55-b246cd762816,27.50,6004a488-6cdc-4e08-b94c-030beee7c39f,42.50,15.00
62569261-a935-4afc-92a4-ef62129cda33,0d4491f5-5061-44d2-95fa-005238e774d9,47.50,6509e7da-6da8-4953-9fc2-79bed36e81cf,40.00,-7.50
62a9753b-a56f-4358-8df1-693d6bd38bbb,0ccf2d1e-e680-4853-824a-932586744d59,50.00,1639fb1c-f458-461a-85ec-f2975f187130,57.50,7.50
63ce4dde-c6a9-4c7d-aa3a-30f30e7c8511,dd693927-6ee1-49a4-bfee-86540def42bf,45.00,671c6c38-e2bd-40aa-9405-f400ffbc33a2,65.00,20.00
63d42d69-a34d-426c-b810-8d9a15707940,9d4815e2-8e63-43f1-9a5c-8ba759563267,40.00,fec55fd1-eac4-4866-9621-962f7d34477e,60.00,20.00
63e04b4d-158b-4a73-82b0-4381426893e7,6b745fa5-9ae6-4fc7-a5b6-b5cd163949ac,47.50,eb32c34b-6c69-47e9-b718-8aa334688e97,57.50,10.00
652b24a8-1f97-460c-adac-4615827648d5,b3fb7b09-1de2-4292-8a26-b3d4e5577b85,37.50,123713f9-eaaf-4c39-b7b4-cef5168bacf9,60.00,22.50
652f2261-700e-4d2b-89ee-607e107bceb3,2e678b4e-4071-4237-ba7d-f31e721b05e7,55.00,0fa23d8b-7bfd-4a06-89a9-43e0390bc430,15.00,-40.00
658fd9b5-05e5-4010-8838-b41783ec6f87,28ccb01f-51f2-48c3-9860-c6a8760b16cc,27.50,505b998a-7a6c-42d0-abef-735048a92d1f,42.50,15.00
66100cec-ec3e-4478-a5cd-046786a408ad,28dcc8d0-943b-4647-afcb-b43fa77da4a5,27.50,2e20d346-b6ec-45c7-9bfc-8c173f1a8d7a,65.00,37.50
66463ff1-b84c-49cf-b596-bebb3cb7ae59,5005c5c7-3527-4ce5-886f-8284c846de27,47.50,14ec4910-8c01-41dd-ba00-d6bd641ab2ca,37.50,-10.00
677295aa-f661-4156-968e-51b7c6f0eb9d,eff29bec-edee-49c8-8e06-57a9695b5f13,50.00,36ecf773-eaa1-44ef-a8d4-06e24e50e1df,57.50,7.50
67f5efd9-ae98-4a23-8733-051b48bb7e10,166077c3-9918-410a-99f9-b44840f3a6ad,40.00,5fda311d-98c4-450d-a1ac-b440ee6c9be0,65.00,25.00
680b1b70-53e7-43ae-82b9-fbf89b7e46dc,5bc735fc-59eb-415d-a220-b296f64636b1,55.00,502e8965-ea10-473b-913c-362bc0601bb8,57.50,2.50
681bc1cb-c0bb-489e-9b78-dcd25f5daa38,ff9872fb-973c-4f28-a170-e7a0a23a5de9,52.50,9b08f4d3-6f7f-4f95-91b7-b5a924e0e23a,55.00,2.50
6985865b-65c7-4e91-8505-9e869245429e,850cb6bc-efc9-46ae-a431-c9296f30f4e4,32.50,70530883-9e36-4ce4-9350-6779fc963816,42.50,10.00
69cf6ee5-903d-453b-bf76-2227499f7fb4,ad1d1a5c-573c-4de8-bccc-00e1a7c02992,60.00,fe784e96-f6f5-41d9-91ee-3f7cffbb430a,62.50,2.50
6a724941-d859-4fe7-84ee-916232c3931d,d01e5197-009c-42ad-ba39-c8b99ce66d85,55.00,c2fd8c3d-769f-47db-a217-f6da959243db,62.50,7.50
6abf9f8d-205e-4d0a-8c16-9bdf3fe6c577,981ef6a3-746c-42ee-91d1-99844bcd216c,37.50,83ab3ee9-6d5b-49d0-b3aa-997e831898b4,60.00,22.50
6acf8f16-8915-435f-9dac-a890eff3c47b,8c21048c-e1a3-49cd-81fb-24160dc361a4,52.50,11ec8fe3-6f4a-4d21-8de6-37078d05d995,57.50,5.00
6afd970f-cf90-48d5-ba70-e31df9693b10,dccd3325-344d-4a7f-a6da-34875a412805,60.00,e69d8665-ba35-43b2-93a2-62452b6575bb,62.50,2.50
6b51bc91-f0c0-42ad-94a0-71b2fe6be3cb,70f90f6c-45f8-4fb1-aef9-9420f9199988,40.00,c5f3d1fc-64d6-49e4-b594-e0f634fa9e2e,40.00,0.00
6caa1b09-447d-4de9-b5fc-73f52b172660,853aa454-c31a-4e53-aba4-40b39ca1135a,30.00,8afa561e-7ff9-43a9-82f4-17b787430732,45.00,15.00
6d9b4dd0-5a5b-4ab7-b671-0a65abf3e44a,cacb4564-642e-45b8-a3fa-dc90280bc251,60.00,4f53941d-7dce-426b-90ae-cd994b7aec01,62.50,2.50
6ffbf2b0-6fee-40c1-bf98-0d33199ad1e9,5d3b5641-3983-42f2-9369-4803b7ddd259,45.00,6502277a-c6af-4331-a92b-6dd1eb31eb82,57.50,12.50
70adf62b-f94f-4799-9d05-aacfa46dc68a,8710bae1-25cc-4f0c-9726-c0754be61c5a,50.00,29bfd2e4-3119-4b99-a3d6-86b4e39b3fe5,57.50,7.50
71245483-9729-4560-aa36-0bfaaec176a1,f1d12714-9dbd-4e4a-8768-c8a24f57e475,62.50,a49d026f-b86c-4d2c-8541-50a0377658d7,60.00,-2.50
715b56dd-5e92-422f-bca8-ce3784757af9,f3bea241-95ef-46b6-8be3-53e1091a61e8,40.00,8bd6bdec-29af-4511-81e0-5b20575d2683,12.50,-27.50
72a15e95-887e-4bc6-aa20-3209e1a6279c,729deb89-aa8b-4138-8737-0dd77fd4d869,40.00,c4874ab8-6127-49f1-95f6-6dbd1b3934e5,50.00,10.00
7487663a-da02-49b0-94c4-6ab5550631ff,df316ac0-1926-4882-ba18-4177e56c7727,45.00,93de4ea8-f056-4327-8416-07fbc6036c6d,42.50,-2.50
7591ede2-3417-4e0e-ae52-e565734fcb12,6e050ffc-1f0b-4bc2-a42d-3ba20e89e2e9,52.50,e89fac77-5d57-4412-8e27-42cb01ad6201,55.00,2.50
75a14cd3-0ce8-4aaf-ac1b-9f22299f277b,569112df-2f34-41f0-bd70-4f7f3dafb7a3,35.00,da4c423a-b824-4b48-88d4-55e0dbef7e34,45.00,10.00
75c720c1-4f80-4712-97a7-badd664c646c,347fbbbd-eaf5-41c4-8bfc-b35ef7da3446,42.50,504950d8-c70e-4dbb-8ae1-3378f52dd815,62.50,20.00
76032b04-d4fe-4ae7-a9ec-1c55d8c81de1,9d07e8b8-a498-4dc8-9243-f73d3d8bfbf6,42.50,07973970-a698-40b7-a599-27a00bcfe40e,57.50,15.00
76054a09-3a64-4b5e-ac78-29c72e48462f,6931258e-da4c-4758-9899-25b065e2a556,32.50,bf90e2db-b233-4574-9535-29ddcfbda0ae,47.50,15.00
76173459-2255-4430-b39f-156aec38bbee,c137d690-a4ce-472f-8d03-f791f98a7896,47.50,81e2f396-f662-4361-a610-bf12061e94d6,57.50,10.00
761f3dc2-2f00-44e9-b941-8fac8f6b5d41,c17f605b-5168-4ba8-96f3-f122af063115,35.00,56806082-0521-44b7-bc71-f983341ca446,20.00,-15.00
77d2f9c3-1da7-4e3d-b468-043d952e68d9,2a4ac49b-2fe1-40a9-8662-5ab9a587f8b4,32.50,8138f32e-f484-4015-a09f-c7e4733d69f4,45.00,12.50
77ef9127-21fa-4545-aa8c-4bbc70559f67,1fce6aa0-c757-48b9-85de-d1a07d7a179b,50.00,a7543cf4-9b08-46fd-8f2c-28422cc16ed9,62.50,12.50
7954c7ac-0551-4c0b-b031-c482360d259f,d3917abb-ea06-4208-89fc-8b2f581aa4e7,37.50,254ea1d2-8b82-48e2-93b9-7c63ab73c958,65.00,27.50
7a99fae1-34ab-4698-bac7-209da24ae7cd,3bc12e13-88b4-476d-9f3e-7fe618045c17,45.00,6b05ae08-77b5-4ec2-aafd-da6c8959c304,65.00,20.00
7ae80699-65ec-448c-b808-09f4d4a89f08,39263a34-575b-4875-82ca-cff1353ad2e1,52.50,b2e79c03-2267-48c2-8e05-5a50cb27d203,50.00,-2.50
7c1e5973-e058-448e-b371-ff44460e3482,0c953d9f-bfef-445f-9210-bdbaa7f27c7b,55.00,8c83009f-3b58-4ad6-a794-0ba3a6c5df7a,60.00,5.00
7c926ff2-5b72-4810-96da-8e48becdf8e5,93702a12-5e7d-4a6d-ba84-aeacec1e8fc0,45.00,33b3d5d7-a822-4c82-aecc-990534b2fc3f,62.50,17.50
7eebf6eb-b686-4cf2-8987-3a2b734a18b7,d9b9d60e-e2b1-4f1a-889f-c931b12ce0e5,42.50,e4d72ce6-4da4-47ae-9113-df6653c825d8,47.50,5.00
7fa4abb8-6ed9-4a3a-938a-31ee94d3766d,1338e01a-9258-47b8-a6b9-d8940d004f24,55.00,a07fd43b-e2bc-4e28-88d0-438a4b38bcde,50.00,-5.00
82b623c1-f1ab-449c-a574-7c6b203cdb7c,e0af95eb-f056-4f8d-ab26-56bd8689a3e9,42.50,4334dd45-b9b6-48d1-a86f-3952b588dcbe,42.50,0.00
8429083f-4d18-40ac-829d-13cbef201786,fd220b6c-07b6-424c-b707-52d12136846d,32.50,ff53aea5-3d09-4d69-a61f-60fe056d36de,62.50,30.00
846584e3-805c-4200-8b65-4fba47d93f88,1f9c510c-f913-45ef-b6a2-69962ea99a08,55.00,42504099-d32a-4bc8-a667-0b1d75f30286,60.00,5.00
849d3686-c9c5-42d5-8213-f346f963b279,90dcfe3c-7828-4f71-8e84-9962f5d6a1ad,55.00,210d13dc-9f34-446e-bae5-0cbdb34bc22e,57.50,2.50
84ee2f03-59b7-4e86-b2b7-8eaba8988fb5,d452944b-0ba5-42b3-8cef-10755a2b1db1,50.00,19e04d09-90af-4cc4-91b4-5149f50e5b9c,60.00,10.00
851516a8-590d-4142-bdbb-40230eaa1b98,63e76e50-6abc-470c-92e4-56f31224131b,10.00,31c7e5f9-0aa0-4121-aecf-af7d6e8b93e4,60.00,50.00
8557be96-8d5c-43e6-82c3-9c7ce0e3637b,2470295b-5526-428b-8a27-6dfe545dfd41,40.00,2a3063ce-3963-4736-9189-59f11205fbb5,42.50,2.50
855f5aef-1708-4421-a77c-3c5df15cfb9c,f97378bb-c231-470e-aeaa-43e36c930da9,62.50,f8c6b7d8-dc22-43f4-809d-73d73741be91,60.00,-2.50
85f61c5a-eff7-43cd-bb76-bc308510fcf9,d7ce92e1-eecd-45ec-a7ad-5996ec9eb223,65.00,63e41f65-b6fc-40ae-94b8-da248136b961,65.00,0.00
872c4d6d-df49-4c1c-bdc8-718e070112e9,ee173569-e2dd-4d8a-8084-962ed6eee119,45.00,4043c1b5-abe7-4a30-b73c-ba90d1f93a4e,55.00,10.00
88b02cfe-9c4c-4b43-ba7f-bf1dace95343,949eff70-bc77-46c3-9219-a636e6cd7d6b,50.00,0b7f9333-9bcf-4f01-b204-4ebb993085ea,25.00,-25.00
89a42f53-1b0a-45ca-88ea-65902b88497b,e61756ef-660b-411b-9711-ebd23a96b7b2,47.50,82381026-7129-4324-a44a-25ec4b19ce61,32.50,-15.00
8ae5f2e9-b77b-415c-a06a-da873deae63f,719ebdc5-3c35-4dc9-80f9-8c928e75e2b8,52.50,438aaed4-edb5-4523-9965-3f3650e903f5,65.00,12.50
8b01f8dd-4fa7-442f-814b-e86d065dcf73,091492b7-3002-49ff-ad21-cc5a16468e42,50.00,682fc72c-99d1-482f-9997-0683345439af,57.50,7.50
8b189250-7c15-47c9-89d3-c44302651003,4d1f1d3b-c028-4954-b14f-8b54d2c5d1f5,42.50,55dfd22f-3eaa-4cc4-8f67-8207a246265e,65.00,22.50
8be72b9c-fde9-4b12-b715-cb8e949250b7,001ecfb2-a613-4263-aedc-3e86370b9f11,45.00,d8ff0d3e-ec31-4dcb-b05c-ca55fdd3da8b,62.50,17.50
8beea528-b5fa-471b-93a4-a581311bb682,e9a92636-9c5b-48f4-887c-75ab56559cb2,40.00,c07c7cdd-9a53-48a3-8d92-324637f3e297,65.00,25.00
8c009dc5-6c29-4f72-bd1d-23986b896fb6,2008c2df-2c68-409d-9daa-cb714901d66c,20.00,e95a057c-8c73-4694-92a0-75416caf63ba,42.50,22.50
8ded5c36-5957-4833-9e6f-76eae7e3b1cc,b2e71b18-5746-4fb2-b924-70d01a46adb8,40.00,7393f34b-6031-422d-82ab-9394ec8335d1,65.00,25.00
8f2cb546-6d29-46c7-8e0e-5ae2e4b5483e,58036164-3106-4aa5-8473-ecbbe2a528da,62.50,b374053a-683c-4ef2-9602-e1ae8f741361,65.00,2.50
8fe4de6e-3e07-4a3c-a5de-99c9db8f1334,33c2ad88-bec6-4ea2-a5b1-c931f08df785,42.50,889136f4-489d-4d62-96b7-70d80bf9a9aa,52.50,10.00
91a304ee-a063-47f7-991f-a311337a9a4a,62a63719-ca23-438a-8eb6-b2c738eabb5b,40.00,fcdbe18c-bbb8-4ded-90bf-0f2b9f64f4c0,65.00,25.00
929e7e73-2466-484d-9361-8ab004d55c8f,f3785b23-528b-43e1-836e-052236412329,55.00,cd4dc577-1422-4a4d-819c-edf0eb5e1cd0,62.50,7.50
92c069ec-1bfc-45d7-b75d-923aa947719a,80567348-6448-497d-b573-8758a4ba2bc6,32.50,74ff3f3f-1abb-4504-8263-d7d2ca05bcdb,57.50,25.00
931cadcf-0663-4a99-bc57-f2087556cf39,72fbae24-2ab2-458d-b7ba-477c0588d2ea,35.00,dd746b5c-19ee-4d1f-a7f7-f9361bd4619f,47.50,12.50
932666ce-3939-458e-9ae7-6418e57f27ba,d20314a0-352b-4da4-897f-c3c2bf89455b,55.00,258d831f-e1b2-4fdc-88a4-42a2f9c7ba19,60.00,5.00
938cbda8-6294-4142-9759-f135f89748ed,58b8cfb9-6c76-4bfd-a8cd-241f87fc1d4e,45.00,db2e7984-970d-4048-af4d-c2a5a9dcbfaf,65.00,20.00
94257b0c-54b3-47f1-b0eb-782105e1e230,c4e07b47-5b9c-47d3-97b7-dbbd17f07f63,57.50,7a765d49-7203-4033-bc03-5bf630a71c76,62.50,5.00
95681721-dfc6-40a9-9e15-8a319ee0d942,eadf8ea1-499b-418d-91a7-af8c89ca3245,42.50,c356c165-4623-47de-8905-abc8ac37e933,42.50,0.00
95c41c02-b486-4849-9639-5570aa3821fd,fa3707a1-b0aa-4bda-818d-8fffaa810e62,57.50,7207c526-cc35-4bdb-8b29-c5e27a215d51,60.00,2.50
971e8ee8-4b54-4e24-884d-8aad79928cf4,23fc8dfc-6282-457e-a7fc-e537ff340a33,5.00,c080be44-3ae4-4cd5-9e9b-802ccf3ea971,50.00,45.00
98654277-46ee-4e60-924c-8cb5635a001d,a82dad59-7acd-4972-8c1c-a3f6b047bf81,52.50,85817753-df7a-474f-8829-6e3cbe6cf1a8,60.00,7.50
988db47f-5416-4859-8a9f-6ae5a36f3b4d,29d04bab-5c86-49cc-a3db-0bf11f128901,35.00,c4b59a89-65f1-4127-88cc-b1b7793a994e,65.00,30.00
98ddb8f9-b7b3-48da-a7e9-ff1dc8164f65,6ae9a7ee-8ba5-4c6f-acec-01902d71179c,42.50,51b6b708-3f9b-4c55-b0b4-06b95fffafb6,45.00,2.50
99204388-8c67-45b5-9aa1-bf06195c5cd9,7460f7c4-027e-4820-993a-d2800185c2d3,30.00,456c41f9-a27c-4f49-a1f9-e021ef5f5d13,45.00,15.00
99dcaf4b-66a6-4e33-9988-692075410ca0,b4ed8baf-c29e-497d-ac08-deeb6142bb9d,55.00,e07e7467-fb70-49eb-912d-97a014186e43,50.00,-5.00
99f8377d-2c27-44fd-916e-441285fa67c9,a8c40b47-25c3-44a5-a2a0-e1d5b20b8c04,52.50,6b176236-f5a6-42d7-8a57-06170d6cb1b2,52.50,0.00
9a5460da-ff7c-4323-9986-f58d92632e8d,9dd5a9fc-8856-4722-b933-1d429114ddd5,55.00,f59c3b59-be19-44c6-b5f3-01a8a681c25b,65.00,10.00
9a551ffe-78f4-4455-9c97-9bd91241a490,231c67b5-1b29-405b-960a-61742f418e6b,45.00,205f7b82-39a9-4d89-82a0-32185106d22d,52.50,7.50
9aaf4e15-3c5f-47bd-b133-891f8cb54b2a,c7b7547c-f39e-41c8-9f24-2b65883a7080,62.50,31bbb327-f281-40ee-92fe-10e443dc8187,65.00,2.50
9afacf94-4ce5-4563-832b-43d6cc7f6d0e,a3a69458-2968-46a7-b427-096892858ee0,42.50,b06ca55a-7f0c-48b9-96f5-53cf7d968472,50.00,7.50
9b3025b9-f7d0-40cb-a95e-9604be2ffa2b,fec0c923-e487-47ba-a82f-d93f02a167f7,50.00,688a2c12-26fd-4a6d-9ab9-f18724aed074,52.50,2.50
9b4d383a-2207-4bb9-9e53-14b8931757ee,d8a0095e-64df-4a04-bc7a-114d995f41d2,45.00,2c23bbe5-beee-4e59-9876-bc600395d6a1,55.00,10.00
9cc859b4-8fa5-4b89-b3bb-43f68969a24f,002fdf2b-9540-4bec-a9c2-3b77e6f91c6c,55.00,aa35c7d4-05d2-4e1a-9e2c-9be598d0363f,65.00,10.00
9d9e5222-a09a-4155-92c2-d859aa541a52,90fa1c8c-2c7a-4e38-8b56-683384e5cca9,17.50,86c2d352-33aa-4554-8cee-f2363fea61c3,22.50,5.00
9dd32066-7a54-49ef-804d-dfbfe2acc6b5,584793da-a389-4d66-9a01-a21dc79ef96a,47.50,da935dfe-7cbf-4a86-8c23-44bc6c975475,52.50,5.00
9e49264d-0a86-4871-9dcf-169ce19349b6,416bb6fa-ccb2-4cf8-9073-ba92086ec015,57.50,05ed0509-1641-4b0c-bce6-fe0231c13e7d,57.50,0.00
9ea52a27-0345-4d68-98a6-2d5e81bc058a,23bcea84-3521-4d95-88b9-770196233998,40.00,54a02d1a-baa2-4e43-8bfe-878b809cc0b4,45.00,5.00
9eb9c822-2342-4ddf-b5b9-f1a26a915b22,ea96803e-3d0c-4c7c-9e54-32222c3008fd,42.50,85b101eb-16ff-471a-aecc-e17f10b14cab,32.50,-10.00
9fc7af2f-ad5d-46d0-8b01-7153e0f8e004,d1ac34cc-7247-45ef-93ca-4ce2e5aaffc7,57.50,3aca8d11-b0a7-40af-802c-2006fafe93f8,57.50,0.00
a05a3302-d07c-4603-a39b-20916255952c,3cd80298-5b27-43a3-aba8-5f7dc151161e,30.00,1317e782-8ce9-4599-8d8e-1517f48e82cb,25.00,-5.00
a20dbb19-4803-4a70-b3d3-5e07419f11ec,ec37f58a-7c43-4204-b163-e6a33601e864,32.50,da5e92a7-bb8e-4b38-9431-d7d635ff2073,57.50,25.00
a3cc269e-371d-4206-beac-1c875b4eaba7,8667745a-9882-486c-b697-6ac653348c47,45.00,43fb8752-11c6-4d1e-9e52-7a2277b5dc43,50.00,5.00
a51dee54-47e9-4e57-951e-060b6a26d845,7b034f6e-2edf-413e-be8b-2088b01f8a9c,60.00,b1494c6e-96c6-4244-b08c-301a77602839,60.00,0.00
a58f1eba-f082-4305-b630-d347e37a3b3c,26820e5e-c910-4159-ab82-b6dc30c20c7a,40.00,f256eb9d-1489-4ede-a894-76c20e1de3ff,40.00,0.00
a7c2bdef-8caa-49a3-9e03-0149a4757ec2,6eb8d899-6204-49e0-9100-4e5dedecd77e,17.50,c8b4e7f0-8577-468e-b69c-6cad51a40efd,17.50,0.00
a8426467-9223-4486-9d03-8bb006e1e213,97dfcd72-901b-4e20-959b-039088270880,30.00,d2ea7c41-9f1d-45b5-b5a3-2ccb9dbb1b10,42.50,12.50
a8e632f4-965a-4ebb-bf35-931107406303,e378c379-59d2-4e5f-affe-00805947d536,40.00,1f2ca946-b007-47fb-9aab-a10d68793f51,62.50,22.50
a973f54a-b847-4950-bac8-c412598afa6a,d4b63486-8f1e-4ea5-8adb-c44c29522e0f,55.00,b893cf06-23c9-4b54-9a24-9ebcb384c6b7,65.00,10.00
a9948e1a-9d8f-46cd-843b-31b5da7e9943,07cd4570-8474-462d-ba38-c17f23fef827,57.50,3899547b-4bbc-46fe-9b4b-f035b4fb5c1b,65.00,7.50
ac11e655-a6c4-463a-acbd-30d896f2ed55,ee651fe5-b879-4042-9e24-9dd4b6bc72c0,37.50,fca09721-4466-40e3-94a4-0d4cd1c413b8,37.50,0.00
acc5a7ca-4ac4-47b4-a9d4-1e565130c755,0b304a66-f328-4307-9f0a-a0c87b85be97,42.50,3ca62696-3c22-49f8-9600-4e9d291721c9,65.00,22.50
ad69a71e-21d1-4e1d-b307-b7b6b17eef53,d8c092b4-ebe0-4e48-b5d3-714ed4f6f043,37.50,a2baf2cc-f171-405d-aef0-49fa62d9e287,55.00,17.50
ad83b30b-eda7-478d-8583-b004093bc033,96a63546-0a76-48a3-91e1-10bc5c3b2ee0,52.50,ee30f9f1-ea46-4728-9ff0-12c5b574b075,60.00,7.50
adc4de3c-30c1-46bf-a97f-fb9b583d0245,1c2be51a-9c16-4b85-9835-2faebe5ab9d5,47.50,876c9fd2-fd03-4c0d-9590-00b4562e2781,55.00,7.50
adce47bc-400d-46ed-9f52-c15f1096f89c,5797b094-be23-48fd-8d70-01c597fa12c6,45.00,d4c5906e-a69a-495b-a67d-fb6b4ebe6329,62.50,17.50
adfc5966-1516-4b34-8301-f3272627dc14,96a72f50-7a29-4ed6-ac29-bbb324edeee5,32.50,5aa081ae-dc10-465d-9dc2-668aa20b937c,57.50,25.00
aef45d16-0ee5-4de2-8649-9e1d6cb1eb51,96b7cf3f-8179-4f3c-86da-3897a27bcd71,45.00,72c5c5f2-83a1-4c3b-ba2a-bf0d0bdd3b10,47.50,2.50
af5e84a6-172e-4226-8de6-0f43ded6df71,da6ccbe2-0ad6-4625-9ac2-505ea6527d83,40.00,6831485f-4548-42dd-9039-c7842203d6d6,47.50,7.50
b06154bb-4df8-4ee7-af71-72f36553148d,f294de3c-f300-4571-b29e-a1c0e2bc68fe,47.50,6e585915-73cc-4980-b58c-5bd4ea8554ad,52.50,5.00
b0b6be78-73ec-4a8f-89c6-c8fd4124fd90,2c7f25a2-d11d-4a06-8e5c-7e8918d53335,40.00,97c830e9-5aff-4da3-9739-3d2c356360d8,42.50,2.50
b10dfde6-072e-4e9e-a9e8-9e825988e1b9,ea4ea633-e8e5-4a7f-b0dc-42b5ff94007f,57.50,b96a16b9-d322-401d-8482-82c80b1a8961,60.00,2.50
b13eb18c-ff03-4cfe-982f-2e86d3134d1c,2ae693e9-632d-42e9-8c66-8e455a4845fb,45.00,c2ca216e-7640-4b98-91a9-5be7d7b879cd,52.50,7.50
b1e1de17-2f9a-4a8e-9628-c8909d8e1194,5ce638f7-533e-4388-97c9-8cfe07f8add6,65.00,7be38448-725e-4d87-95a7-1931e38ec3f5,65.00,0.00
b205be68-59cb-4664-8e71-54640c623bd2,1caec4b2-5c56-43e9-a785-142497351e29,25.00,ccaf83e3-cc82-466c-9a2d-f21a1a138cc9,65.00,40.00
b209e15f-9e16-4d94-8771-f35b94a55db5,a7fde537-f72d-4a01-8a33-aa258253d7a9,55.00,5a5a37b7-1c4e-4d1e-a7bf-bed7b5570b4a,55.00,0.00
b376241a-72d3-4d26-b030-da68a97881b0,cb39f66a-e1ff-4fd4-91ae-18fa54a869cf,47.50,466a248f-b547-48c9-988a-4388d170067b,50.00,2.50
b461e70b-1350-4db6-8ca1-a63ec493c3ee,eb7f893e-dcf3-4994-bc3a-4de6667b1cd9,45.00,f9227216-57a9-4f38-8ddf-77c798562487,40.00,-5.00
b4829a74-0b46-4201-a619-312b7677a97c,bd487ddd-6a3b-4b56-8ac2-6dc60cccfdcd,37.50,95b74415-00f1-4541-94cd-440a4d499df6,55.00,17.50
b5ec6d0b-a908-4430-881d-e7c5424ce6ac,2adde352-aa35-4be9-bb11-9d51b9286426,35.00,83edf026-0333-4c74-9d3e-7efc25229cd2,50.00,15.00
b6a218a0-b9c9-48e1-a7f0-825d7b8673d5,14dcb347-57fb-46ee-af11-b91db50cd07a,40.00,79f076b8-1389-469f-9cb7-239a2e0efa30,65.00,25.00
b71de89b-14f1-4f7d-aebd-64e3a488b3f7,91b449f1-548e-43f3-8ee8-d8510f5b8555,52.50,488bd293-6bd1-463a-94ba-d0951c5633d9,65.00,12.50
b846ebdb-23fa-410f-ac92-431d54040aaa,cc73272c-b0b7-4da2-b2d5-2322d7cdc26d,45.00,fbe67fbf-29ae-4974-8934-18554835b4e7,60.00,15.00
b84e28c9-b124-4fd6-b6b5-58eebdd763fe,9a9e8545-fbf5-4159-b1d4-a4f96eb4e8ef,42.50,913e33eb-66e4-411b-88ce-8bc3d42287fb,55.00,12.50
ba57b317-ce06-44c6-b117-58c8a4b82fc1,f68f45f1-a00a-4519-8d7c-10bf2595d20d,40.00,fe465014-c7d5-4f39-91d1-7c162a8c6c05,47.50,7.50
bc0bb629-8458-439d-99f8-1322ef7cb854,1b084e1f-902e-4422-92f8-2aa25ab9506b,37.50,9181e68d-0ea8-48b1-8fac-566c11b0e46f,55.00,17.50
bc78cc98-6048-4813-ae7e-a2ce8eabe4d0,3cf21f9c-5b32-446b-adae-2f240d3bfb22,32.50,33578636-9f64-4d7c-9b11-b58d0b382c0b,42.50,10.00
bd1ecf8e-5563-48b6-9b11-fccad405a900,cbe87364-3529-4953-8e1b-e63f29c81785,25.00,7296289b-2e07-49f0-a797-c12b865ac6b3,22.50,-2.50
bd26a440-df34-4027-83e7-1e88bd82f752,0a3fe147-a828-47c5-ad82-c00515ea6adb,30.00,40bc6ad9-ffd0-4c31-a11e-1024028cd086,40.00,10.00
bd611c6e-616c-4340-8197-e49c02748d84,ec830597-86d0-4ad4-8258-98e27653d0ef,40.00,bdc196ec-76c0-4efe-ae9f-f161f4ebd77f,52.50,12.50
bee3adde-55f0-479b-abbd-b46b5d849eaf,26348749-e0fb-493e-977d-c4ad5a39b7c1,45.00,8f693a15-0f1a-4f9f-b196-0e3645973900,37.50,-7.50
bfd4f924-5ce7-495c-89b1-0130a20924de,d2fe09d9-96c2-4bee-a283-7f81bdc3e9ee,55.00,8d39ee1b-1ff8-4095-845d-ce83a400581b,57.50,2.50
c0550a7e-1575-44fb-9c94-390f4b18ce75,4751138d-3ff3-4089-af12-fc14abe867ca,60.00,a0b7129b-c39f-4482-8a1a-cb2b613f1a6f,65.00,5.00
c0554152-e611-431e-a579-b5ca5a80067d,81516684-0699-49ab-a352-13f306fb4f22,52.50,5953f7c3-86b1-4818-8410-c5c643f77e08,55.00,2.50
c05c3d0d-5689-4b8f-bce1-26b53fdc23bc,38b31f3f-d04f-4f0c-8f97-88c72386809d,40.00,ab526330-c8f4-42c0-bc9b-a97ef380a7ac,65.00,25.00
c06222da-1592-495f-bf69-cbb1a525aee8,bb5da3b2-955c-4de6-89d2-11b57e33b4ec,42.50,c1fa45e2-8e92-4780-9157-ba88c4bad56a,52.50,10.00
c159fbae-27e3-4122-8a78-514b7eabcc9a,2b4fd071-99ef-41b7-82ef-997a3dfde6e2,50.00,9bc85c12-f89f-4c90-b0f0-71f1e1dddccd,57.50,7.50
c1a3224c-6d9a-40ca-8676-57b4c63374db,e4789e3f-9112-4ec2-a3c1-d764f31c4de7,57.50,1160dfab-7760-4558-8d42-cc21445e033f,65.00,7.50
c1cd4e08-bd1a-4e3d-87c5-2b186980984d,86096049-8a07-4cdf-805c-da175599878d,15.00,d1e8218a-00b3-42f1-8622-c0828e2d3825,52.50,37.50
c2239f35-637e-453e-81ce-4058d54d456c,f1e8edbe-fcc0-4f45-90fe-854b398e05f3,55.00,a849d3dc-7212-4cb2-9a2c-d6d6461e5eec,17.50,-37.50
c22cfc0a-a36a-4f19-a8bb-e2dc4bad8093,393f1bb3-0606-4282-a97b-6ed3a25867a7,37.50,705de2c3-eb50-489b-adf7-4bef96a34ba2,50.00,12.50
c2b61bad-de60-408c-8c6e-d85887a7e415,59f360d6-f87b-4582-a997-8ab59a6b09ca,42.50,27989801-53ab-4965-ade8-6f38f0157531,62.50,20.00
c437cc95-97d3-4da1-bad2-3bc3a2e6047c,241a4861-45c9-4b83-af64-77b8ba5f65f4,50.00,60b0aa6b-e1f8-4d46-80a2-53253080bc81,50.00,0.00
c625ad8a-e8ab-44b9-babd-70559b56cefd,22fd806b-0688-476f-8335-aad031d8dbe4,42.50,729687ba-892e-455a-b22a-1ca8c85a828b,62.50,20.00
c667d541-8358-454e-b67c-37460b1aa48c,16942379-3536-43fa-bd1a-1b29009ad310,52.50,c3729734-c43f-4349-830d-c5811f995fdc,60.00,7.50
c697d079-2ee3-4784-94c8-e25d9c5e5ff0,b93a75a3-1fd4-4e1d-b945-136c30f66928,47.50,c21bf8fd-f680-46a4-b565-b25bc856ab0d,50.00,2.50
c6cc8e85-0b7c-4c9b-936f-63378be7525f,6d723f0b-190d-4a20-9cb9-87baa3952100,47.50,8480b4c7-7da3-458e-8051-f5178e2c6a8f,55.00,7.50
c75404fe-1e81-43e3-b5e7-f119d9f4f868,ed6ca357-cf92-499c-8954-022e0a4c228f,40.00,17754292-6eed-497c-ad53-2e4c730e0c93,47.50,7.50
c96c5ba9-5932-46f6-9e84-e9612e30f89c,1cbce57c-87ea-4a11-ab67-2aa34d0639dc,62.50,19aefd72-6cc5-4255-b3cd-e0a43a9deb28,65.00,2.50
c9b34398-948d-42c2-b9c4-35e60260b407,4d2ea53a-12e2-40b2-8e6a-4dff409decbb,25.00,74741299-1314-4dd5-b82f-2f41e62c3826,25.00,0.00
ca5d122a-d91b-4d32-8d92-136a848a0183,831ac03c-436a-465c-8827-7d3607990e05,12.50,1d2aaba7-e834-4d8f-b2bd-f87f68c44dc8,65.00,52.50
cabed7bf-cca4-4707-9363-dcf32f8e8c72,c3c55f45-a506-4228-8825-6d2cfd59b878,37.50,22270c17-35cd-4d78-b08c-d38c9917d145,45.00,7.50
cb22c9f7-ed10-41be-b6ba-4fc4060d03ef,107dd88d-99f8-4742-ba00-08aa1e6f9cde,35.00,0392403d-25c4-488d-b1ae-9890679b30df,50.00,15.00
cb519c63-e632-4734-aac5-2bda2b962d40,32246dee-d029-4262-bc36-2098cc35da6c,40.00,e3776f0f-6584-47c7-8175-36b1309399e7,65.00,25.00
cbdd9926-0c31-4a6c-9b7e-edd20642518c,42698dd9-671e-4819-bb95-514d6a25ca8c,45.00,44d6c4a6-194f-4df8-846c-2fa147806c81,52.50,7.50
cc600a0a-73d7-4721-9617-a9482de511e9,20eeca1a-5e92-4ef7-b2e6-c1cda6210a46,45.00,f8e2c0ef-6fb1-470d-8d29-b07e3ed04c11,45.00,0.00
ccba84fc-d40d-43d7-b1d9-9d4c895597a5,e6b47839-1226-4e68-a334-8d963d0dfac6,37.50,6fa72de6-be1d-4bb9-8427-e6d832ba60eb,2.50,-35.00
cd200376-5af8-443c-afae-7bc4603392fa,84d27552-7239-4478-aa80-2eb3c45d2cb5,47.50,4e152a50-d61e-4da0-9437-34eec4fb96d9,57.50,10.00
cd998b25-d20a-45e5-b4dc-baa102375dfc,521ec9e7-318b-4fa2-971e-07d09b0de9f6,45.00,d3f26ec4-c2f9-41c2-9a07-e2dafa9a90ad,62.50,17.50
cf8f6a88-1220-40ab-8bab-489126a20ce3,3d6d1323-6ffa-46f3-b0a2-c8935a5028be,42.50,423b9044-a808-4bc9-981a-c7ab29f96b0a,47.50,5.00
cfa38b79-8bf6-4c20-85a9-95c1449c703f,f94b29f7-7183-4f13-a96b-e02fe3909ff3,65.00,d7f14ef7-7297-4852-bcdb-b7b482c596cf,57.50,-7.50
cfcca1aa-75ab-4597-9e94-bc14a3372a5f,7c434bfd-d71e-44e6-a734-a2b3d175a0b6,37.50,d48e0704-e0fd-465d-9089-66f8978f9c2a,37.50,0.00
cff19c86-9872-4d22-9e1c-74f1d0755dfc,2e6c1743-2729-425e-9819-eb409e825fec,32.50,f1c321a9-16bb-47ab-b4e6-fd92839a0886,65.00,32.50
d01c173b-f1d8-400c-8615-7be949197a3a,6105131c-d35b-4af5-be58-6629689d8b09,65.00,ab7fbf17-44a0-47c6-a6e0-8326501cbc15,52.50,-12.50
d0ae771b-ff49-4bb5-b287-f1be801ec39b,c12d97b4-dfa7-4610-9b05-b7518e5067e9,42.50,2ef5d036-9058-4657-be5a-7af90789b3a4,50.00,7.50
d1f2340c-fb3a-41d5-8918-585ae1429be6,ac6519e1-e937-4ec1-966e-acfd0c2670ac,47.50,08c73c63-856d-4c49-99bc-b60686a69c21,65.00,17.50
d2d974a3-5cda-4903-9090-86f0791fdb9b,f53ef19d-adc3-4a9e-8cc2-479149134d4c,47.50,6c97be63-612f-4f76-a317-ca9b7ce0389b,50.00,2.50
d358b751-b5f5-40b9-9623-b781ef1e71bc,d8532f2f-285a-4c81-af3e-864e8efd1340,50.00,b24ad6e7-65cf-449c-b6a6-a0dda9c8ea8c,60.00,10.00
d3a4bbe2-5a3e-4d12-a5f7-72432ee78ff4,5d74ee74-db68-41c9-9218-0aa6d19e2c95,42.50,b015dce8-2af7-473d-8d51-725e73b02da5,52.50,10.00
d4dbc2aa-3336-424d-845d-933f3edb2062,74385ed3-dc76-4fbd-a61b-f6f98fb17787,42.50,22c04f8a-1157-4640-a52c-c97809fd7796,50.00,7.50
d51e250a-2050-4a10-9e84-5e06e18732fe,fde640ea-792d-4292-a7eb-1f34f004da1b,50.00,16846cee-407f-4c03-9848-236e823424e6,60.00,10.00
d713be91-e944-4154-b2b6-89eb5d95fdde,0cfab42a-6cca-4667-8d60-3c5cd3b7ace5,55.00,3cd46a05-6aa8-4cd3-8910-2c9a35ab60a9,57.50,2.50
d75afc00-d444-49a4-aaed-296765179454,a0e3f4a7-6008-426a-a8d8-8446c67fa351,10.00,d95e7889-3add-49b0-aac8-80fc0748672f,55.00,45.00
d75bd952-825f-49dd-b9cf-e4151930a059,2fb5afad-5268-4afe-be30-ce1b2141a365,47.50,0fd74629-81b4-4ed1-8e70-c845d1102a2b,65.00,17.50
d8434543-92f1-4089-af65-17b258c2d622,aac4672d-f43f-4483-90b8-260301b9b234,52.50,edacc276-56a8-4b10-8068-824ce90a20a1,55.00,2.50
d961d446-76ce-4850-a8ac-0e202c1f5d6f,620914d6-026e-4184-a485-44186591f490,50.00,15259f2e-9b8a-4d78-a744-7edb00431dc6,55.00,5.00
d98d990d-853c-4a3d-afe8-fd1c7ac76d60,1e63cb4a-aeb8-45e1-9f68-9c9734458b11,35.00,7a738f65-b51e-4b85-b4f7-cb7d11fe71e1,40.00,5.00
d99f87c6-263d-4886-8d20-c7b603d03df1,727cb05f-b987-47a9-a988-5d9c3f6f7c2c,45.00,ecb7ef15-db83-43ce-b5a4-dc7f5f419095,50.00,5.00
d9beb19a-8221-4a51-9f5b-e3e8d8b651d8,80ff32c3-e2c2-4cfe-a334-4c7fe9887351,30.00,543954b5-c2f9-4c1c-b6da-bba97139f87e,62.50,32.50
d9fc12a2-5bb6-4a3f-a9e9-67f9bdfd797c,94b82189-1f55-4227-abea-a28045f8e42f,57.50,b29bc6e2-5f0c-4e62-a06c-6c25236c645c,62.50,5.00
db0f6506-de3d-4d8a-853e-580bbfc7023b,fd48824e-7934-4977-ac6e-129c23489db3,37.50,0f36c642-830c-44d0-8867-d820e0620d5b,37.50,0.00
db1f4ea5-3270-41f7-b372-860f7b189b41,71e3e451-ff06-4bed-bed9-79126e0db30d,32.50,3f024c16-003d-4930-81a8-2c68770254e4,62.50,30.00
db423139-872d-4fa3-bf0c-195fd9e1c84a,25f285c0-e837-409b-b6b2-f90b5dfe8d10,45.00,5bb59782-5280-4dbe-a82f-ebc066c6bc35,27.50,-17.50
dc80d78d-ee7a-46e6-9839-a4d23876568f,0a81d469-3183-4345-91ab-396accc4aa21,12.50,be921c12-37ae-4fbe-ad8e-a2433047da21,37.50,25.00
dcfc9d31-b864-43e1-b9de-cd72c9e56ece,8a9ea279-0068-40d0-874f-fceac0fc969c,50.00,4aca0cc8-dad3-4391-acc5-c2bf43e17d6c,55.00,5.00
dd106dfa-683b-445f-829d-82e29987624c,ba0a703e-bc0c-4e13-a48b-397f9f724e68,42.50,cc94f289-e42d-4d1e-88f1-f84c44fe2535,27.50,-15.00
dd5a1c00-4ed9-407d-9287-e15a670a9617,219ae9c0-70dd-4848-aa73-47902ba81e90,45.00,4a4023a1-612c-45d5-91b0-8813e8a06b5d,52.50,7.50
dd9ba1d1-5cc9-41d0-a676-4fe106f2cf39,b2c72135-1923-4914-bf13-7f5cfdefca19,40.00,6cde4059-302c-46f5-89ad-708f828c9b73,47.50,7.50
ddd1cdc2-aba7-4af4-8507-8258d5930a67,abc363aa-ffef-4e97-aa3c-44556e34f4d9,52.50,9d017d66-ee7f-47dd-bb1a-9fd4c513bc7a,55.00,2.50
e1431661-7edd-4e41-a964-8ba25bc21484,d460615c-b66f-41a8-93a5-9bf777c7b358,45.00,1d2af102-a22b-461e-b3a9-ae4080d2bab8,42.50,-2.50
e17427d3-cf2f-4d62-8e93-b8ce8da134da,6f6fd677-8503-4a7f-b8d6-3e8c9c74e50e,52.50,285fe932-f129-40ba-a958-09615831f4a8,65.00,12.50
e198d1d9-50b1-4c62-b249-0c4e7889b67b,89bc61b5-41bd-4b4c-9885-e76136de1daa,50.00,16cf2bd0-f614-4912-81fd-86b09c9b3a56,65.00,15.00
e1a9b300-6c72-4c92-a245-5be095d389fe,fa1ca58e-250b-48ef-a8a9-8977a9cacfd1,37.50,2e2d7145-985e-4210-a557-4b9a2ae5061a,62.50,25.00
e1bb1f62-1118-49e0-b13a-9ecc47e050a3,36cd7db0-6e68-4be4-8276-e89821078e1f,45.00,99cb916c-2d6e-4f94-806c-61dc44e39958,62.50,17.50
e24041b6-1a24-4ec7-8993-5af57f0d87bd,6307357b-0101-4bb2-bfbb-607f053a6063,55.00,82dc2b85-5b88-4381-8cb1-3d1fea98fa4d,57.50,2.50
e2466c44-b4e8-45e1-8ca3-3ebdbee7824f,545b4008-effe-4119-8288-543c76dab804,40.00,4b2d40ff-d42e-4b48-918b-54881cf5c0cc,47.50,7.50
e270ff2d-8c43-4155-85da-7b9e0bd46993,4ee899d5-6717-434d-a4e7-88e58da59aa5,32.50,30ac9c77-4115-415c-8ed0-5174030dd23a,30.00,-2.50
e2f1f4f1-37b2-4f91-9404-bb61228be1af,fae40171-d895-4602-8959-a15d21fbe0e3,57.50,8a8a902a-0e10-411d-8094-9ea0afebc93a,57.50,0.00
e35fa725-8f92-4b9b-b9aa-23a17f51eae4,6e7cf673-6133-43b3-a089-cd72e94ea07e,57.50,6ed981b9-cb20-4d8a-898c-b996fb447d66,60.00,2.50
e47996af-920b-4fd6-acc7-5e2b47ba12a3,1cce21ac-30f9-4e36-bc74-0dca6e90e2e7,25.00,dfaea375-ce65-41b4-9b87-9decbcf70c6a,50.00,25.00
e48a2924-da44-4bc1-9323-1321720886d1,1eb734f2-037a-4f90-a5b5-49088fe142bc,45.00,de5fd168-b9b8-48a5-a0ed-cec1dae011e6,60.00,15.00
e6d2bd24-6adb-467f-b7d1-71c597d4ba21,fe65c4ec-e7b1-4afc-9c1c-c784c4a9a0f4,45.00,f11590d0-c67b-441d-a7e9-89ca58d6b3f6,45.00,0.00
e7003d9b-d7c7-4a21-8ebc-913306d2b952,5257d681-c3de-404a-9343-29b267287196,30.00,cc0b650b-9976-42b5-b957-c5d1124b71d1,27.50,-2.50
e7495315-0050-4953-b43f-b213671bf4f5,70aacb70-0d1b-4063-a0ac-1c4ead9c0f3c,50.00,9d4a5369-1d30-4f56-a868-4b091330a5da,47.50,-2.50
e79b87a7-9f80-4684-839a-4e7779d7343b,d5969586-7f03-49f7-a11e-121d5ffd8286,62.50,3cc7fa0f-a639-4152-9221-3633717eb3c5,62.50,0.00
e80d24fd-1d58-4391-b3bd-0df67bf32f11,90537d72-270b-40ae-82e6-25799f498f0a,25.00,194f9923-0129-4d6c-b5b6-766174409ce2,52.50,27.50
e81a391a-d49f-4b65-b3c2-3ee59d007fa8,7cf0a027-c7de-4405-92d2-fa489ce473c7,50.00,d3213796-d19e-4bac-8850-48baec0f1157,30.00,-20.00
e8e8eef9-605b-42bb-a3f8-e4f0e61ff156,8e8c8642-222f-446c-bd67-eea0942de2b2,45.00,80002a44-3c05-4bca-8598-0043f68b8617,60.00,15.00
ea347db2-56c8-4bbf-a2db-116e9bd33013,9ae8cb52-7144-485d-a974-3431e4134f75,65.00,b19a6d1d-133f-4deb-8de9-55a781325ba5,62.50,-2.50
eba40236-f40e-4032-8f8e-52551ebccdad,7d6611bc-558b-46aa-b392-078207538d5d,50.00,1a2fc204-a0a5-41f7-96fa-cfc114b9b964,65.00,15.00
ee0659f9-44fb-448a-a2da-863a02a7aea8,0cc82311-eb36-4ab8-b25c-c1c91007cf03,57.50,f2d2ecae-908d-492c-b8e9-e9f926b34ed8,25.00,-32.50
ee68e73a-40a6-457b-a27d-9aaeb7078036,fbb0242d-61f3-4a59-b3aa-3fe3de656de5,37.50,329cdc90-6641-4e1c-8a5f-8e4fec07be99,57.50,20.00
ef996ca3-149c-4dea-ae3b-74807bdae998,e83c00f2-b2b6-480d-88da-26f42b72be69,27.50,c01293e3-9069-468e-a5d5-2a32df5989b0,65.00,37.50
efc922fc-df4d-400d-84fe-b02f8c902d21,0fa82589-13e1-40f1-bc4f-cd31d90bb32b,42.50,b7dd2559-7b75-4c4c-acc3-9381ff5de993,50.00,7.50
f0193bac-718f-48b5-bfd4-24ffd1b9814a,51d276fd-9e24-4124-8c22-c45ccc10a1e0,37.50,dacda282-8bbf-435e-8452-db379d8b4742,55.00,17.50
f03a99aa-3d0f-4c9e-9795-071067b7fc15,b28a6ddf-95bd-402b-ab76-489202cb9f4b,45.00,6b92a731-b646-4489-bbc6-7bd68441ef11,65.00,20.00
f058a754-2f73-406d-a7cb-c4fefd888b8a,0ce2f8df-73d2-46dc-80ef-a2f897d4118b,65.00,f31de4b4-57e1-4e9c-bd75-b30cf1176ce7,47.50,-17.50
f1275903-04bf-4062-bbbc-d0f62f8d0000,a85190c2-d331-4c59-b7d7-ec4d5454ead2,15.00,dff9bf69-7405-426b-bd44-112ad6ddda3a,37.50,22.50
f17b8d59-75ea-4af1-82e7-0adad7f7acda,104f41b3-cbba-4da9-a6ab-36e16c07c829,40.00,cb1527de-9334-4fd2-ab04-0357ca51dc56,62.50,22.50
f32eb83c-4b42-41b4-a2e8-60eae40f38f0,25b43e32-3c4a-436a-947f-dc2b34989040,40.00,c5a19639-2c53-4be7-91fb-a947ec2ffb5f,42.50,2.50
f424c405-55da-4db2-b3e8-4f2235ff1dc2,bb836e5a-f2b7-4cf4-a365-ce05aace0762,57.50,75b7733d-eae4-47c0-84b6-366a2724561f,62.50,5.00
f49e3d55-f798-4290-9878-37f35896b684,9f131ed6-5d88-4d83-bbc0-485092ae8218,60.00,2647c7da-82c2-4ba1-9e2e-02cadbde5dbb,65.00,5.00
f4a59672-17d9-44dc-8131-afc6e0c8d21b,e7f6bbbc-8043-4e38-bf4d-c36f2f0a3e98,65.00,7a20a1a2-5468-4ef0-8ee8-dd4a0d421453,65.00,0.00
f500a628-b7d5-4677-a6cf-ac9ffa027535,a81eb031-174d-44d7-a973-106fa5682191,27.50,9ed53c4b-2be4-462f-9bb9-e9a509dfd911,55.00,27.50
f58d556e-8120-44bb-849d-4cfc0a45e6c2,de2ca257-984b-4473-9ccd-fd2c29b7ee9c,57.50,910f812d-e03c-41b1-9e3b-c854297252d5,57.50,0.00
f5d0b8e1-7c50-4a2d-9865-edb56bd7920c,187ac183-aef8-4ae9-8dfc-970bdd928b1c,47.50,29ecf543-e447-4230-86d2-56111abbcbb5,50.00,2.50
f5ef1800-1b0a-4c19-8681-2705777ba700,e5496b6a-07cd-475e-a18d-bff4dfd1adb0,40.00,cb184458-5e7e-4ef0-ad6d-33ae2790357d,45.00,5.00
f60a4cb8-ca6c-4987-99bf-f4d3e1c4c9ba,a87a3b99-b9f7-4072-8207-e014c7bf7d11,30.00,651335fc-fc70-417e-8e9f-9ca67a1dc4af,65.00,35.00
f683ba27-13b6-4cda-9256-92c3f0265ee1,f9e59f01-e550-49ff-bafe-07e604bce5d7,50.00,4d64e841-3fa4-4ff1-9c0d-2c1d1ec27c78,65.00,15.00
f700eee8-a911-4f4f-b732-c02afc302f7f,fc4d1c94-7997-48ee-9577-d60bc9ae074d,47.50,9b77c726-4e38-474b-892a-1f19c29e2b4f,62.50,15.00
f863b3e8-2674-43d3-98eb-5273cc4a21f0,d98c7b87-e2a4-4b51-bbc0-5a082b36559a,45.00,a5fee58c-fb04-40df-89a5-a355a771eec5,60.00,15.00
f8e23dd9-4715-43db-a15f-248c9974e314,17469998-1f18-407c-be82-4c360f630b06,47.50,3634b63c-36de-4721-b5e0-8af874a17e41,47.50,0.00
f90ae637-da15-416e-97be-5e06c9b24657,b73782e7-88f4-4926-8358-a75fdf26ddd8,40.00,66dd1a90-4ed4-4802-918c-86a4f31a4327,42.50,2.50
f99872a9-264c-48e4-a190-fc64ac221c2c,7735b4d7-4223-4bb8-a0bc-a5cc62172eb6,55.00,041136bd-bd7e-4b43-94bd-098a0259ffc7,55.00,0.00
f9fa96e7-82a6-4bca-a7bd-98ae82704598,ca8015a0-da22-49e3-83b0-9a0b644843c8,60.00,59368e28-4ee0-4174-8973-1de6597557c7,57.50,-2.50
f9ffadd4-dc2f-4af0-b387-c285c52435fa,352adb09-dde9-44eb-bf0e-9d7428c15022,40.00,da43233d-02ff-454f-a790-898c6f69a0f9,47.50,7.50
facf977a-47b6-4337-9f44-2036767c8c9c,8e4ac48f-4477-4be6-b632-5a417ed75262,45.00,b8db1462-e2fe-46d5-a666-6fc1fabac3a8,55.00,10.00
fb33122c-4c10-479a-8ac5-3cbc2181e620,a0da234a-2c36-422c-ae2b-115122d78128,40.00,fa090525-3211-4eb3-902e-646f663761ab,22.50,-17.50
fc7ce629-8e5f-4054-ae6a-dadf3fb425ef,96ffd67c-b5d9-4270-a4e0-dff08c781153,45.00,26e0505f-d638-4eb7-9100-8135620e8556,50.00,5.00
fc83ebaa-d9ef-4885-a97a-280eb5d42f7c,f0ce898b-f5a4-4058-87eb-607a13f452a2,45.00,658c4593-8c97-401e-85f6-d3b31be1a834,62.50,17.50
fd06849b-274b-4405-bd45-b7e9ec997631,cd459ece-ee90-4df1-9e7f-1655262ad5b9,50.00,43b6ede5-adf4-47b9-a804-ff3fda998842,47.50,-2.50
fd089cd4-3832-4c51-81e3-ac54ee790339,15a9224e-f4cd-4605-9e1e-98a8a874aac5,45.00,7da5074c-dfba-443a-84c8-2a43553ee962,65.00,20.00
fdb9315e-4b0e-4ef6-9fbf-676c4891bbf1,aa140e28-b17b-4dac-b5b1-45b6a284f039,42.50,61f3d6e6-4824-413b-8993-006db156d06b,52.50,10.00
ff55cac5-f2f9-40da-87f8-20ec5343260d,b6a494db-82df-4bd3-ade2-2449ff8c118c,42.50,838f51ea-07f0-4385-8f7d-0ad569ee1b37,65.00,22.50
ffb4a42a-b785-4f84-8d08-f7dd1682ceb0,91ba44bb-f8d1-4dec-864c-ec35d8bb7d2c,37.50,39aff85f-950f-4d83-aed4-fc90e2bd270f,45.00,7.50
